[{"model": "admin.logentry", "pk": 1, "fields": {"action_time": "2021-05-22T12:33:07.682Z", "user": 1, "content_type": 8, "object_id": "1", "object_repr": "Necklaces", "action_flag": 1, "change_message": "[{\"added\": {}}]"}}, {"model": "admin.logentry", "pk": 2, "fields": {"action_time": "2021-05-22T12:33:27.112Z", "user": 1, "content_type": 8, "object_id": "2", "object_repr": "RIngs", "action_flag": 1, "change_message": "[{\"added\": {}}]"}}, {"model": "admin.logentry", "pk": 3, "fields": {"action_time": "2021-05-22T12:33:48.922Z", "user": 1, "content_type": 8, "object_id": "3", "object_repr": "Bracelets", "action_flag": 1, "change_message": "[{\"added\": {}}]"}}, {"model": "admin.logentry", "pk": 4, "fields": {"action_time": "2021-05-22T12:34:03.988Z", "user": 1, "content_type": 8, "object_id": "4", "object_repr": "Watches", "action_flag": 1, "change_message": "[{\"added\": {}}]"}}, {"model": "admin.logentry", "pk": 5, "fields": {"action_time": "2021-05-22T12:34:24.354Z", "user": 1, "content_type": 8, "object_id": "5", "object_repr": "Bead Necklaces", "action_flag": 1, "change_message": "[{\"added\": {}}]"}}, {"model": "admin.logentry", "pk": 6, "fields": {"action_time": "2021-05-22T17:00:14.706Z", "user": 1, "content_type": 9, "object_id": "1", "object_repr": "Anne Klein Gold Watch", "action_flag": 1, "change_message": "[{\"added\": {}}]"}}, {"model": "admin.logentry", "pk": 7, "fields": {"action_time": "2021-05-22T17:01:19.170Z", "user": 1, "content_type": 9, "object_id": "2", "object_repr": "Colorful Beads Necklace", "action_flag": 1, "change_message": "[{\"added\": {}}]"}}, {"model": "admin.logentry", "pk": 8, "fields": {"action_time": "2021-05-22T17:02:22.200Z", "user": 1, "content_type": 9, "object_id": "3", "object_repr": "Thick Gold and Diamond Ring", "action_flag": 1, "change_message": "[{\"added\": {}}]"}}, {"model": "admin.logentry", "pk": 9, "fields": {"action_time": "2021-05-22T17:03:27.216Z", "user": 1, "content_type": 9, "object_id": "4", "object_repr": "Gold Rado Watch", "action_flag": 1, "change_message": "[{\"added\": {}}]"}}, {"model": "admin.logentry", "pk": 10, "fields": {"action_time": "2021-05-22T17:04:14.994Z", "user": 1, "content_type": 9, "object_id": "5", "object_repr": "Gold Bracelet Indian Style", "action_flag": 1, "change_message": "[{\"added\": {}}]"}}, {"model": "admin.logentry", "pk": 11, "fields": {"action_time": "2021-05-22T17:05:13.401Z", "user": 1, "content_type": 9, "object_id": "6", "object_repr": "Gold Bracelet Thin", "action_flag": 1, "change_message": "[{\"added\": {}}]"}}, {"model": "admin.logentry", "pk": 12, "fields": {"action_time": "2021-05-22T17:06:07.524Z", "user": 1, "content_type": 9, "object_id": "7", "object_repr": "Gold Casio Touch Watch", "action_flag": 1, "change_message": "[{\"added\": {}}]"}}, {"model": "admin.logentry", "pk": 13, "fields": {"action_time": "2021-05-22T17:07:09.308Z", "user": 1, "content_type": 8, "object_id": "6", "object_repr": "Earrings", "action_flag": 1, "change_message": "[{\"added\": {}}]"}}, {"model": "admin.logentry", "pk": 14, "fields": {"action_time": "2021-05-22T17:07:13.405Z", "user": 1, "content_type": 9, "object_id": "8", "object_repr": "Gold Leafy Earrings", "action_flag": 1, "change_message": "[{\"added\": {}}]"}}, {"model": "admin.logentry", "pk": 15, "fields": {"action_time": "2021-05-22T17:07:57.137Z", "user": 1, "content_type": 9, "object_id": "9", "object_repr": "Gold Necklace with Diamonds", "action_flag": 1, "change_message": "[{\"added\": {}}]"}}, {"model": "admin.logentry", "pk": 16, "fields": {"action_time": "2021-05-22T17:08:59.882Z", "user": 1, "content_type": 9, "object_id": "10", "object_repr": "Gold Ring with Blue Stones", "action_flag": 1, "change_message": "[{\"added\": {}}]"}}, {"model": "admin.logentry", "pk": 17, "fields": {"action_time": "2021-05-22T17:09:45.535Z", "user": 1, "content_type": 9, "object_id": "11", "object_repr": "Gold Ring with Pink Stone", "action_flag": 1, "change_message": "[{\"added\": {}}]"}}, {"model": "admin.logentry", "pk": 18, "fields": {"action_time": "2021-05-22T17:10:29.457Z", "user": 1, "content_type": 9, "object_id": "12", "object_repr": "Gold Ring with Diamond", "action_flag": 1, "change_message": "[{\"added\": {}}]"}}, {"model": "admin.logentry", "pk": 19, "fields": {"action_time": "2021-05-22T17:11:28.448Z", "user": 1, "content_type": 9, "object_id": "13", "object_repr": "Gold Star Earrings", "action_flag": 1, "change_message": "[{\"added\": {}}]"}}, {"model": "admin.logentry", "pk": 20, "fields": {"action_time": "2021-05-22T17:12:17.010Z", "user": 1, "content_type": 9, "object_id": "14", "object_repr": "Gold Watch with White Dial and Diamonds", "action_flag": 1, "change_message": "[{\"added\": {}}]"}}, {"model": "admin.logentry", "pk": 21, "fields": {"action_time": "2021-05-22T17:13:07.064Z", "user": 1, "content_type": 9, "object_id": "15", "object_repr": "Gold Watch with White Dial", "action_flag": 1, "change_message": "[{\"added\": {}}]"}}, {"model": "admin.logentry", "pk": 22, "fields": {"action_time": "2021-05-22T17:14:07.956Z", "user": 1, "content_type": 9, "object_id": "16", "object_repr": "Gold Mangalsutra", "action_flag": 1, "change_message": "[{\"added\": {}}]"}}, {"model": "admin.logentry", "pk": 23, "fields": {"action_time": "2021-05-22T17:14:48.014Z", "user": 1, "content_type": 9, "object_id": "17", "object_repr": "Mr Boho Gold Watch", "action_flag": 1, "change_message": "[{\"added\": {}}]"}}, {"model": "admin.logentry", "pk": 24, "fields": {"action_time": "2021-05-22T17:16:57.172Z", "user": 1, "content_type": 9, "object_id": "18", "object_repr": "Platinum Ring with Diamonds", "action_flag": 1, "change_message": "[{\"added\": {}}]"}}, {"model": "admin.logentry", "pk": 25, "fields": {"action_time": "2021-05-22T17:17:49.281Z", "user": 1, "content_type": 9, "object_id": "19", "object_repr": "Silver Earrings with Blue Stones", "action_flag": 1, "change_message": "[{\"added\": {}}]"}}, {"model": "admin.logentry", "pk": 26, "fields": {"action_time": "2021-05-22T17:18:34.380Z", "user": 1, "content_type": 9, "object_id": "20", "object_repr": "Silver Necklace  with Big Diamond", "action_flag": 1, "change_message": "[{\"added\": {}}]"}}, {"model": "admin.logentry", "pk": 27, "fields": {"action_time": "2021-05-22T17:19:37.854Z", "user": 1, "content_type": 9, "object_id": "21", "object_repr": "Silver Ring with Blue Stone", "action_flag": 1, "change_message": "[{\"added\": {}}]"}}, {"model": "admin.logentry", "pk": 28, "fields": {"action_time": "2021-05-22T17:20:18.489Z", "user": 1, "content_type": 9, "object_id": "22", "object_repr": "Silver Ring with Small Diamonds", "action_flag": 1, "change_message": "[{\"added\": {}}]"}}, {"model": "admin.logentry", "pk": 29, "fields": {"action_time": "2021-05-22T17:21:01.212Z", "user": 1, "content_type": 9, "object_id": "23", "object_repr": "Silver Ring with Red Stone", "action_flag": 1, "change_message": "[{\"added\": {}}]"}}, {"model": "admin.logentry", "pk": 30, "fields": {"action_time": "2021-05-24T15:16:18.764Z", "user": 1, "content_type": 8, "object_id": "6", "object_repr": "Earrings", "action_flag": 2, "change_message": "[{\"changed\": {\"fields\": [\"Is Featured?\"]}}]"}}, {"model": "admin.logentry", "pk": 31, "fields": {"action_time": "2021-05-24T15:16:31.370Z", "user": 1, "content_type": 8, "object_id": "6", "object_repr": "Earrings", "action_flag": 2, "change_message": "[{\"changed\": {\"fields\": [\"Is Featured?\"]}}]"}}, {"model": "admin.logentry", "pk": 32, "fields": {"action_time": "2021-05-24T16:36:23.940Z", "user": 1, "content_type": 9, "object_id": "18", "object_repr": "Platinum Ring with Diamonds", "action_flag": 2, "change_message": "[{\"changed\": {\"fields\": [\"Product Image\"]}}]"}}, {"model": "admin.logentry", "pk": 33, "fields": {"action_time": "2021-05-24T16:36:49.919Z", "user": 1, "content_type": 9, "object_id": "13", "object_repr": "Gold Star Earrings", "action_flag": 2, "change_message": "[{\"changed\": {\"fields\": [\"Product Image\"]}}]"}}, {"model": "admin.logentry", "pk": 34, "fields": {"action_time": "2021-05-24T16:37:07.490Z", "user": 1, "content_type": 9, "object_id": "10", "object_repr": "Gold Ring with Blue Stones", "action_flag": 2, "change_message": "[{\"changed\": {\"fields\": [\"Product Image\"]}}]"}}, {"model": "admin.logentry", "pk": 35, "fields": {"action_time": "2021-05-24T16:38:43.825Z", "user": 1, "content_type": 9, "object_id": "13", "object_repr": "Gold Star Earrings", "action_flag": 2, "change_message": "[{\"changed\": {\"fields\": [\"Detail Description\"]}}]"}}, {"model": "admin.logentry", "pk": 36, "fields": {"action_time": "2021-05-27T15:34:19.404Z", "user": 1, "content_type": 7, "object_id": "1", "object_repr": "customer", "action_flag": 1, "change_message": "[{\"added\": {}}]"}}, {"model": "admin.logentry", "pk": 37, "fields": {"action_time": "2021-05-27T15:35:27.369Z", "user": 1, "content_type": 7, "object_id": "2", "object_repr": "Dhungedhara, Radha Krishna Temple, Raniban", "action_flag": 1, "change_message": "[{\"added\": {}}]"}}, {"model": "admin.logentry", "pk": 38, "fields": {"action_time": "2021-05-31T12:34:28.580Z", "user": 1, "content_type": 10, "object_id": "3", "object_repr": "Order object (3)", "action_flag": 2, "change_message": "[{\"changed\": {\"fields\": [\"Status\"]}}]"}}, {"model": "admin.logentry", "pk": 39, "fields": {"action_time": "2021-05-31T12:36:15.095Z", "user": 1, "content_type": 10, "object_id": "2", "object_repr": "Order object (2)", "action_flag": 2, "change_message": "[{\"changed\": {\"fields\": [\"Status\"]}}]"}}, {"model": "admin.logentry", "pk": 40, "fields": {"action_time": "2021-05-31T12:36:30.412Z", "user": 1, "content_type": 10, "object_id": "1", "object_repr": "Order object (1)", "action_flag": 2, "change_message": "[{\"changed\": {\"fields\": [\"Status\"]}}]"}}, {"model": "admin.logentry", "pk": 41, "fields": {"action_time": "2021-05-31T12:40:29.168Z", "user": 1, "content_type": 10, "object_id": "1", "object_repr": "Order object (1)", "action_flag": 2, "change_message": "[{\"changed\": {\"fields\": [\"Status\"]}}]"}}, {"model": "admin.logentry", "pk": 42, "fields": {"action_time": "2021-05-31T12:40:45.142Z", "user": 1, "content_type": 10, "object_id": "3", "object_repr": "Order object (3)", "action_flag": 2, "change_message": "[{\"changed\": {\"fields\": [\"Status\"]}}]"}}, {"model": "admin.logentry", "pk": 43, "fields": {"action_time": "2021-05-31T12:48:00.690Z", "user": 1, "content_type": 10, "object_id": "5", "object_repr": "Order object (5)", "action_flag": 2, "change_message": "[{\"changed\": {\"fields\": [\"Status\"]}}]"}}, {"model": "admin.logentry", "pk": 44, "fields": {"action_time": "2021-05-31T12:48:00.695Z", "user": 1, "content_type": 10, "object_id": "4", "object_repr": "Order object (4)", "action_flag": 2, "change_message": "[{\"changed\": {\"fields\": [\"Status\"]}}]"}}, {"model": "admin.logentry", "pk": 45, "fields": {"action_time": "2021-05-31T12:48:53.588Z", "user": 1, "content_type": 10, "object_id": "5", "object_repr": "Order object (5)", "action_flag": 2, "change_message": "[{\"changed\": {\"fields\": [\"Status\"]}}]"}}, {"model": "admin.logentry", "pk": 46, "fields": {"action_time": "2021-05-31T15:29:04.928Z", "user": 1, "content_type": 10, "object_id": "7", "object_repr": "Order object (7)", "action_flag": 3, "change_message": ""}}, {"model": "admin.logentry", "pk": 47, "fields": {"action_time": "2021-05-31T15:29:04.935Z", "user": 1, "content_type": 10, "object_id": "6", "object_repr": "Order object (6)", "action_flag": 3, "change_message": ""}}, {"model": "admin.logentry", "pk": 48, "fields": {"action_time": "2021-05-31T15:29:04.937Z", "user": 1, "content_type": 10, "object_id": "5", "object_repr": "Order object (5)", "action_flag": 3, "change_message": ""}}, {"model": "admin.logentry", "pk": 49, "fields": {"action_time": "2021-05-31T15:29:04.939Z", "user": 1, "content_type": 10, "object_id": "4", "object_repr": "Order object (4)", "action_flag": 3, "change_message": ""}}, {"model": "admin.logentry", "pk": 50, "fields": {"action_time": "2021-05-31T15:29:24.919Z", "user": 1, "content_type": 4, "object_id": "5", "object_repr": "digala", "action_flag": 3, "change_message": ""}}, {"model": "admin.logentry", "pk": 51, "fields": {"action_time": "2021-05-31T15:29:24.926Z", "user": 1, "content_type": 4, "object_id": "2", "object_repr": "higim", "action_flag": 3, "change_message": ""}}, {"model": "admin.logentry", "pk": 52, "fields": {"action_time": "2021-05-31T15:29:24.928Z", "user": 1, "content_type": 4, "object_id": "8", "object_repr": "huhitu", "action_flag": 3, "change_message": ""}}, {"model": "admin.logentry", "pk": 53, "fields": {"action_time": "2021-05-31T15:29:24.930Z", "user": 1, "content_type": 4, "object_id": "6", "object_repr": "qubuqomyf", "action_flag": 3, "change_message": ""}}, {"model": "admin.logentry", "pk": 54, "fields": {"action_time": "2021-05-31T15:29:24.932Z", "user": 1, "content_type": 4, "object_id": "4", "object_repr": "vizoqirafa", "action_flag": 3, "change_message": ""}}, {"model": "admin.logentry", "pk": 55, "fields": {"action_time": "2021-05-31T15:30:35.786Z", "user": 1, "content_type": 8, "object_id": "6", "object_repr": "Earrings", "action_flag": 2, "change_message": "[{\"changed\": {\"fields\": [\"Category Image\"]}}]"}}, {"model": "admin.logentry", "pk": 56, "fields": {"action_time": "2021-05-31T15:54:04.542Z", "user": 1, "content_type": 4, "object_id": "3", "object_repr": "buvymi", "action_flag": 3, "change_message": ""}}, {"model": "admin.logentry", "pk": 57, "fields": {"action_time": "2021-05-31T15:57:13.375Z", "user": 1, "content_type": 4, "object_id": "10", "object_repr": "hellokumar", "action_flag": 2, "change_message": "[{\"changed\": {\"fields\": [\"Username\", \"Email address\"]}}]"}}, {"model": "admin.logentry", "pk": 58, "fields": {"action_time": "2021-05-31T16:01:10.372Z", "user": 1, "content_type": 4, "object_id": "10", "object_repr": "hellokumar", "action_flag": 3, "change_message": ""}}, {"model": "admin.logentry", "pk": 59, "fields": {"action_time": "2021-05-31T16:32:43.664Z", "user": 1, "content_type": 8, "object_id": "5", "object_repr": "Bead Necklaces", "action_flag": 2, "change_message": "[{\"changed\": {\"fields\": [\"Is Featured?\"]}}]"}}, {"model": "admin.logentry", "pk": 60, "fields": {"action_time": "2021-05-31T16:33:37.009Z", "user": 1, "content_type": 8, "object_id": "6", "object_repr": "Earrings", "action_flag": 2, "change_message": "[{\"changed\": {\"fields\": [\"Is Featured?\"]}}]"}}, {"model": "admin.logentry", "pk": 61, "fields": {"action_time": "2021-05-31T16:33:49.838Z", "user": 1, "content_type": 8, "object_id": "6", "object_repr": "Earrings", "action_flag": 2, "change_message": "[{\"changed\": {\"fields\": [\"Is Active?\", \"Is Featured?\"]}}]"}}, {"model": "admin.logentry", "pk": 62, "fields": {"action_time": "2021-05-31T16:34:11.201Z", "user": 1, "content_type": 8, "object_id": "1", "object_repr": "Necklaces", "action_flag": 2, "change_message": "[{\"changed\": {\"fields\": [\"Is Active?\"]}}]"}}, {"model": "admin.logentry", "pk": 63, "fields": {"action_time": "2021-05-31T16:34:23.444Z", "user": 1, "content_type": 8, "object_id": "6", "object_repr": "Earrings", "action_flag": 2, "change_message": "[{\"changed\": {\"fields\": [\"Is Active?\"]}}]"}}, {"model": "admin.logentry", "pk": 64, "fields": {"action_time": "2021-05-31T16:34:23.450Z", "user": 1, "content_type": 8, "object_id": "1", "object_repr": "Necklaces", "action_flag": 2, "change_message": "[{\"changed\": {\"fields\": [\"Is Active?\"]}}]"}}, {"model": "admin.logentry", "pk": 65, "fields": {"action_time": "2021-05-31T16:35:10.795Z", "user": 1, "content_type": 8, "object_id": "7", "object_repr": "Gifts", "action_flag": 1, "change_message": "[{\"added\": {}}]"}}, {"model": "admin.logentry", "pk": 66, "fields": {"action_time": "2021-05-31T16:35:53.592Z", "user": 1, "content_type": 9, "object_id": "23", "object_repr": "Silver Ring with Red Stone", "action_flag": 2, "change_message": "[{\"changed\": {\"fields\": [\"Detail Description\"]}}]"}}, {"model": "admin.logentry", "pk": 67, "fields": {"action_time": "2021-05-31T16:37:18.075Z", "user": 1, "content_type": 9, "object_id": "24", "object_repr": "Gold BitCoin", "action_flag": 1, "change_message": "[{\"added\": {}}]"}}, {"model": "admin.logentry", "pk": 68, "fields": {"action_time": "2021-05-31T16:38:16.536Z", "user": 1, "content_type": 11, "object_id": "6", "object_repr": "admin", "action_flag": 3, "change_message": ""}}, {"model": "admin.logentry", "pk": 69, "fields": {"action_time": "2021-05-31T16:39:02.152Z", "user": 1, "content_type": 10, "object_id": "9", "object_repr": "Order object (9)", "action_flag": 2, "change_message": "[{\"changed\": {\"fields\": [\"Status\"]}}]"}}, {"model": "admin.logentry", "pk": 70, "fields": {"action_time": "2021-05-31T16:39:22.321Z", "user": 1, "content_type": 10, "object_id": "8", "object_repr": "Order object (8)", "action_flag": 2, "change_message": "[{\"changed\": {\"fields\": [\"Status\"]}}]"}}, {"model": "admin.logentry", "pk": 71, "fields": {"action_time": "2021-05-31T16:39:44.206Z", "user": 1, "content_type": 10, "object_id": "8", "object_repr": "Order object (8)", "action_flag": 2, "change_message": "[{\"changed\": {\"fields\": [\"Status\"]}}]"}}, {"model": "admin.logentry", "pk": 72, "fields": {"action_time": "2021-05-31T16:39:56.665Z", "user": 1, "content_type": 10, "object_id": "8", "object_repr": "Order object (8)", "action_flag": 2, "change_message": "[{\"changed\": {\"fields\": [\"Status\"]}}]"}}, {"model": "admin.logentry", "pk": 73, "fields": {"action_time": "2021-05-31T16:40:11.834Z", "user": 1, "content_type": 10, "object_id": "9", "object_repr": "Order object (9)", "action_flag": 2, "change_message": "[{\"changed\": {\"fields\": [\"Status\"]}}]"}}, {"model": "admin.logentry", "pk": 74, "fields": {"action_time": "2025-03-29T19:19:56.320Z", "user": 1, "content_type": 4, "object_id": "11", "object_repr": "vijaythapa", "action_flag": 3, "change_message": ""}}, {"model": "admin.logentry", "pk": 75, "fields": {"action_time": "2025-03-29T19:20:27.326Z", "user": 1, "content_type": 4, "object_id": "7", "object_repr": "bucobome", "action_flag": 3, "change_message": ""}}, {"model": "admin.logentry", "pk": 76, "fields": {"action_time": "2025-03-29T19:20:32.305Z", "user": 1, "content_type": 4, "object_id": "9", "object_repr": "customer", "action_flag": 3, "change_message": ""}}, {"model": "admin.logentry", "pk": 77, "fields": {"action_time": "2025-03-29T19:27:59.375Z", "user": 1, "content_type": 10, "object_id": "10", "object_repr": "Order object (10)", "action_flag": 2, "change_message": "[{\"changed\": {\"fields\": [\"\\u0421\\u0442\\u0430\\u0442\\u0443\\u0441\"]}}]"}}, {"model": "admin.logentry", "pk": 78, "fields": {"action_time": "2025-03-29T19:43:42.974Z", "user": 1, "content_type": 10, "object_id": "13", "object_repr": "Order object (13)", "action_flag": 2, "change_message": "[{\"changed\": {\"fields\": [\"\\u0421\\u0442\\u0430\\u0442\\u0443\\u0441\"]}}]"}}, {"model": "admin.logentry", "pk": 79, "fields": {"action_time": "2025-03-29T19:43:42.975Z", "user": 1, "content_type": 10, "object_id": "12", "object_repr": "Order object (12)", "action_flag": 2, "change_message": "[{\"changed\": {\"fields\": [\"\\u0421\\u0442\\u0430\\u0442\\u0443\\u0441\"]}}]"}}, {"model": "admin.logentry", "pk": 80, "fields": {"action_time": "2025-03-29T19:43:42.976Z", "user": 1, "content_type": 10, "object_id": "11", "object_repr": "Order object (11)", "action_flag": 2, "change_message": "[{\"changed\": {\"fields\": [\"\\u0421\\u0442\\u0430\\u0442\\u0443\\u0441\"]}}]"}}, {"model": "admin.logentry", "pk": 81, "fields": {"action_time": "2025-03-29T19:46:26.953Z", "user": 1, "content_type": 10, "object_id": "13", "object_repr": "Order object (13)", "action_flag": 2, "change_message": "[{\"changed\": {\"fields\": [\"\\u0421\\u0442\\u0430\\u0442\\u0443\\u0441\"]}}]"}}, {"model": "admin.logentry", "pk": 82, "fields": {"action_time": "2025-03-29T19:46:26.954Z", "user": 1, "content_type": 10, "object_id": "12", "object_repr": "Order object (12)", "action_flag": 2, "change_message": "[{\"changed\": {\"fields\": [\"\\u0421\\u0442\\u0430\\u0442\\u0443\\u0441\"]}}]"}}, {"model": "admin.logentry", "pk": 83, "fields": {"action_time": "2025-03-29T19:46:26.955Z", "user": 1, "content_type": 10, "object_id": "11", "object_repr": "Order object (11)", "action_flag": 2, "change_message": "[{\"changed\": {\"fields\": [\"\\u0421\\u0442\\u0430\\u0442\\u0443\\u0441\"]}}]"}}, {"model": "admin.logentry", "pk": 84, "fields": {"action_time": "2025-03-29T19:46:26.956Z", "user": 1, "content_type": 10, "object_id": "10", "object_repr": "Order object (10)", "action_flag": 2, "change_message": "[{\"changed\": {\"fields\": [\"\\u0421\\u0442\\u0430\\u0442\\u0443\\u0441\"]}}]"}}, {"model": "admin.logentry", "pk": 85, "fields": {"action_time": "2025-03-30T18:17:21.790Z", "user": 1, "content_type": 10, "object_id": "14", "object_repr": "Order object (14)", "action_flag": 3, "change_message": ""}}, {"model": "admin.logentry", "pk": 86, "fields": {"action_time": "2025-03-30T18:17:21.790Z", "user": 1, "content_type": 10, "object_id": "13", "object_repr": "Order object (13)", "action_flag": 3, "change_message": ""}}, {"model": "admin.logentry", "pk": 87, "fields": {"action_time": "2025-03-30T18:17:21.790Z", "user": 1, "content_type": 10, "object_id": "12", "object_repr": "Order object (12)", "action_flag": 3, "change_message": ""}}, {"model": "admin.logentry", "pk": 88, "fields": {"action_time": "2025-03-30T18:17:21.790Z", "user": 1, "content_type": 10, "object_id": "11", "object_repr": "Order object (11)", "action_flag": 3, "change_message": ""}}, {"model": "admin.logentry", "pk": 89, "fields": {"action_time": "2025-03-30T18:17:21.790Z", "user": 1, "content_type": 10, "object_id": "10", "object_repr": "Order object (10)", "action_flag": 3, "change_message": ""}}, {"model": "auth.permission", "pk": 1, "fields": {"name": "Can add log entry", "content_type": 1, "codename": "add_logentry"}}, {"model": "auth.permission", "pk": 2, "fields": {"name": "Can change log entry", "content_type": 1, "codename": "change_logentry"}}, {"model": "auth.permission", "pk": 3, "fields": {"name": "Can delete log entry", "content_type": 1, "codename": "delete_logentry"}}, {"model": "auth.permission", "pk": 4, "fields": {"name": "Can view log entry", "content_type": 1, "codename": "view_logentry"}}, {"model": "auth.permission", "pk": 5, "fields": {"name": "Can add permission", "content_type": 2, "codename": "add_permission"}}, {"model": "auth.permission", "pk": 6, "fields": {"name": "Can change permission", "content_type": 2, "codename": "change_permission"}}, {"model": "auth.permission", "pk": 7, "fields": {"name": "Can delete permission", "content_type": 2, "codename": "delete_permission"}}, {"model": "auth.permission", "pk": 8, "fields": {"name": "Can view permission", "content_type": 2, "codename": "view_permission"}}, {"model": "auth.permission", "pk": 9, "fields": {"name": "Can add group", "content_type": 3, "codename": "add_group"}}, {"model": "auth.permission", "pk": 10, "fields": {"name": "Can change group", "content_type": 3, "codename": "change_group"}}, {"model": "auth.permission", "pk": 11, "fields": {"name": "Can delete group", "content_type": 3, "codename": "delete_group"}}, {"model": "auth.permission", "pk": 12, "fields": {"name": "Can view group", "content_type": 3, "codename": "view_group"}}, {"model": "auth.permission", "pk": 13, "fields": {"name": "Can add user", "content_type": 4, "codename": "add_user"}}, {"model": "auth.permission", "pk": 14, "fields": {"name": "Can change user", "content_type": 4, "codename": "change_user"}}, {"model": "auth.permission", "pk": 15, "fields": {"name": "Can delete user", "content_type": 4, "codename": "delete_user"}}, {"model": "auth.permission", "pk": 16, "fields": {"name": "Can view user", "content_type": 4, "codename": "view_user"}}, {"model": "auth.permission", "pk": 17, "fields": {"name": "Can add content type", "content_type": 5, "codename": "add_contenttype"}}, {"model": "auth.permission", "pk": 18, "fields": {"name": "Can change content type", "content_type": 5, "codename": "change_contenttype"}}, {"model": "auth.permission", "pk": 19, "fields": {"name": "Can delete content type", "content_type": 5, "codename": "delete_contenttype"}}, {"model": "auth.permission", "pk": 20, "fields": {"name": "Can view content type", "content_type": 5, "codename": "view_contenttype"}}, {"model": "auth.permission", "pk": 21, "fields": {"name": "Can add session", "content_type": 6, "codename": "add_session"}}, {"model": "auth.permission", "pk": 22, "fields": {"name": "Can change session", "content_type": 6, "codename": "change_session"}}, {"model": "auth.permission", "pk": 23, "fields": {"name": "Can delete session", "content_type": 6, "codename": "delete_session"}}, {"model": "auth.permission", "pk": 24, "fields": {"name": "Can view session", "content_type": 6, "codename": "view_session"}}, {"model": "auth.permission", "pk": 25, "fields": {"name": "Can add address", "content_type": 7, "codename": "add_address"}}, {"model": "auth.permission", "pk": 26, "fields": {"name": "Can change address", "content_type": 7, "codename": "change_address"}}, {"model": "auth.permission", "pk": 27, "fields": {"name": "Can delete address", "content_type": 7, "codename": "delete_address"}}, {"model": "auth.permission", "pk": 28, "fields": {"name": "Can view address", "content_type": 7, "codename": "view_address"}}, {"model": "auth.permission", "pk": 29, "fields": {"name": "Can add category", "content_type": 8, "codename": "add_category"}}, {"model": "auth.permission", "pk": 30, "fields": {"name": "Can change category", "content_type": 8, "codename": "change_category"}}, {"model": "auth.permission", "pk": 31, "fields": {"name": "Can delete category", "content_type": 8, "codename": "delete_category"}}, {"model": "auth.permission", "pk": 32, "fields": {"name": "Can view category", "content_type": 8, "codename": "view_category"}}, {"model": "auth.permission", "pk": 33, "fields": {"name": "Can add product", "content_type": 9, "codename": "add_product"}}, {"model": "auth.permission", "pk": 34, "fields": {"name": "Can change product", "content_type": 9, "codename": "change_product"}}, {"model": "auth.permission", "pk": 35, "fields": {"name": "Can delete product", "content_type": 9, "codename": "delete_product"}}, {"model": "auth.permission", "pk": 36, "fields": {"name": "Can view product", "content_type": 9, "codename": "view_product"}}, {"model": "auth.permission", "pk": 37, "fields": {"name": "Can add order", "content_type": 10, "codename": "add_order"}}, {"model": "auth.permission", "pk": 38, "fields": {"name": "Can change order", "content_type": 10, "codename": "change_order"}}, {"model": "auth.permission", "pk": 39, "fields": {"name": "Can delete order", "content_type": 10, "codename": "delete_order"}}, {"model": "auth.permission", "pk": 40, "fields": {"name": "Can view order", "content_type": 10, "codename": "view_order"}}, {"model": "auth.permission", "pk": 41, "fields": {"name": "Can add cart", "content_type": 11, "codename": "add_cart"}}, {"model": "auth.permission", "pk": 42, "fields": {"name": "Can change cart", "content_type": 11, "codename": "change_cart"}}, {"model": "auth.permission", "pk": 43, "fields": {"name": "Can delete cart", "content_type": 11, "codename": "delete_cart"}}, {"model": "auth.permission", "pk": 44, "fields": {"name": "Can view cart", "content_type": 11, "codename": "view_cart"}}, {"model": "auth.permission", "pk": 45, "fields": {"name": "Can add Отзыв", "content_type": 12, "codename": "add_review"}}, {"model": "auth.permission", "pk": 46, "fields": {"name": "Can change Отзыв", "content_type": 12, "codename": "change_review"}}, {"model": "auth.permission", "pk": 47, "fields": {"name": "Can delete Отзыв", "content_type": 12, "codename": "delete_review"}}, {"model": "auth.permission", "pk": 48, "fields": {"name": "Can view Отзыв", "content_type": 12, "codename": "view_review"}}, {"model": "auth.user", "pk": 1, "fields": {"password": "pbkdf2_sha256$870000$hpzxZ0ZiNW0ITXABUaG0FE$1A8QBJ+4xklxmzS8oRwX67CLf3q6SCjp4/FiiNle1z4=", "last_login": "2025-04-03T23:35:02.836Z", "is_superuser": true, "username": "admin", "first_name": "", "last_name": "", "email": "", "is_staff": true, "is_active": true, "date_joined": "2021-05-22T11:43:33.829Z", "groups": [], "user_permissions": []}}, {"model": "auth.user", "pk": 12, "fields": {"password": "pbkdf2_sha256$260000$Hofk7dnvX8AiPEBx7wPRuw$Oakkrfmd/xFlt4+M88h1Z5nbEteSYfworxacagBmDos=", "last_login": "2025-02-13T08:20:37.108Z", "is_superuser": false, "username": "ali", "first_name": "", "last_name": "", "email": "alibektauk@gmail.com", "is_staff": false, "is_active": true, "date_joined": "2025-02-13T08:20:28.495Z", "groups": [], "user_permissions": []}}, {"model": "auth.user", "pk": 13, "fields": {"password": "!68iZT9QgTYJi0fEV9TO7fvefx5KGd7bekRbYY1Jb", "last_login": null, "is_superuser": true, "username": "alibek", "first_name": "", "last_name": "", "email": "Alibektaukelev@gmail.com", "is_staff": true, "is_active": true, "date_joined": "2025-03-22T12:09:01.351Z", "groups": [], "user_permissions": []}}, {"model": "auth.user", "pk": 14, "fields": {"password": "pbkdf2_sha256$870000$NJUILemez8tEs92aNvBmcj$6LjuyE7qmU+6zuc5BiKRZGzzRDasqedH2abEa6m5N0A=", "last_login": "2025-03-30T19:06:14.732Z", "is_superuser": false, "username": "Beketay", "first_name": "", "last_name": "", "email": "galymb@inbox.ru", "is_staff": false, "is_active": true, "date_joined": "2025-03-24T11:28:42.339Z", "groups": [], "user_permissions": []}}, {"model": "contenttypes.contenttype", "pk": 1, "fields": {"app_label": "admin", "model": "logentry"}}, {"model": "contenttypes.contenttype", "pk": 2, "fields": {"app_label": "auth", "model": "permission"}}, {"model": "contenttypes.contenttype", "pk": 3, "fields": {"app_label": "auth", "model": "group"}}, {"model": "contenttypes.contenttype", "pk": 4, "fields": {"app_label": "auth", "model": "user"}}, {"model": "contenttypes.contenttype", "pk": 5, "fields": {"app_label": "contenttypes", "model": "contenttype"}}, {"model": "contenttypes.contenttype", "pk": 6, "fields": {"app_label": "sessions", "model": "session"}}, {"model": "contenttypes.contenttype", "pk": 7, "fields": {"app_label": "store", "model": "address"}}, {"model": "contenttypes.contenttype", "pk": 8, "fields": {"app_label": "store", "model": "category"}}, {"model": "contenttypes.contenttype", "pk": 9, "fields": {"app_label": "store", "model": "product"}}, {"model": "contenttypes.contenttype", "pk": 10, "fields": {"app_label": "store", "model": "order"}}, {"model": "contenttypes.contenttype", "pk": 11, "fields": {"app_label": "store", "model": "cart"}}, {"model": "contenttypes.contenttype", "pk": 12, "fields": {"app_label": "store", "model": "review"}}, {"model": "sessions.session", "pk": "cht6u1bzotceskbxuh2qduenkzj3uhtn", "fields": {"session_data": ".eJxVjMsOwiAUBf-FtSEQnu3Svd9ALhewVQOGR2Ji_HfbpAvdnpkzb-Jg9MWNFqtbA5kJJ6ffzQPeY95BuEG-Fool97p6uiv0oI1eSoiP8-H-BRZoy_ZOQdooGQD3bDKSK224tYioE0dlTJJKiTiBSlpzFSaB1niGjGESVoDYojhqjbm7Zy1hYHdrDvFFZvb5Av1xQS4:1tvyaa:p-lvYlRC_AZIdwsNMJsYThUssWlFORYUvGTC-N-gIL8", "expire_date": "2025-04-05T13:08:36.200Z"}}, {"model": "sessions.session", "pk": "feocvunvn0atn07qzxvh0m2sl1jp3dgx", "fields": {"session_data": ".eJxVjDsOwjAQBe_iGllex79Q0nMGax3v4gCypTipEHeHSCmgfTPzXiLitpa4dVrinMVZgBGn3zHh9KC6k3zHemtyanVd5iR3RR60y2vL9Lwc7t9BwV6-9aiDdczaJQ4wBK8RdUKyCMkaVuBHNlkBU7YB1eAsDh4MKENJExKL9wcB3zgm:1txO9q:apqgg52AgbHf53zYLhFvNs_kE1h21ap1LMk_mY8xx_U", "expire_date": "2025-04-09T10:38:50.154Z"}}, {"model": "sessions.session", "pk": "oxhd3z5dnuoozye2ir56a1pehbpvzwgo", "fields": {"session_data": ".eJxVjDsOwjAQBe_iGllex79Q0nMGax3v4gCypTipEHeHSCmgfTPzXiLitpa4dVrinMVZgBGn3zHh9KC6k3zHemtyanVd5iR3RR60y2vL9Lwc7t9BwV6-9aiDdczaJQ4wBK8RdUKyCMkaVuBHNlkBU7YB1eAsDh4MKENJExKL9wcB3zgm:1tyK70:TsT4aX1WlF-r1gYVlLsCjOd9tJ3AKIGcjrhGPKX8Kz4", "expire_date": "2025-04-12T00:31:46.280Z"}}, {"model": "sessions.session", "pk": "q4purmsvd5jp14lj6xrw6vmb4f3o4b3r", "fields": {"session_data": ".eJxVjMsOwiAUBf-FtSFwoQgu3fcbyH2ArZo2Ke3K-O_apAvdnpk5L5VxW4e8tbLkUdRFWXX63Qj5UaYdyB2n26x5ntZlJL0r-qBN97OU5_Vw_w4GbMO3Lo5sIh_RpNhBV8HE4CgaToiBTZDqa_VSEjFSd_YVwDtwUixYAcPq_QHhOTfx:1twLz5:Rbe8zKRTt7d_1Ls5o-BkWpn15pJX30FdAkDEHVA-cbw", "expire_date": "2025-04-06T14:07:27.778Z"}}, {"model": "store.address", "pk": 7, "fields": {"user": 14, "locality": "Жетысу-4, дом 16", "city": "Алматы", "state": "Ауэзовский район"}}, {"model": "store.category", "pk": 1, "fields": {"title": "Ожерелья", "slug": "necklaces", "description": "All the necklaces.", "category_image": "category/necklaces.jpg", "is_active": true, "is_featured": true, "created_at": "2021-05-22T12:33:07.679Z", "updated_at": "2021-05-31T16:34:23.446Z"}}, {"model": "store.category", "pk": 2, "fields": {"title": "Кольца", "slug": "rings", "description": "All the rings.", "category_image": "category/rings.jpg", "is_active": true, "is_featured": true, "created_at": "2021-05-22T12:33:27.110Z", "updated_at": "2021-05-22T12:33:27.111Z"}}, {"model": "store.category", "pk": 3, "fields": {"title": "Браслеты", "slug": "bracelets", "description": "All the Bracelets.", "category_image": "category/bracelets.jpg", "is_active": true, "is_featured": true, "created_at": "2021-05-22T12:33:48.922Z", "updated_at": "2021-05-22T12:33:48.922Z"}}, {"model": "store.category", "pk": 4, "fields": {"title": "Часы", "slug": "watches", "description": "All the watches", "category_image": "category/watches.jpg", "is_active": true, "is_featured": true, "created_at": "2021-05-22T12:34:03.986Z", "updated_at": "2021-05-22T12:34:03.986Z"}}, {"model": "store.category", "pk": 5, "fields": {"title": "Бусы", "slug": "bead-necklaces", "description": "All the bead necklaces", "category_image": "category/bead-necklace.jpg", "is_active": true, "is_featured": false, "created_at": "2021-05-22T12:34:24.352Z", "updated_at": "2021-05-31T16:32:43.656Z"}}, {"model": "store.category", "pk": 6, "fields": {"title": "Серьги", "slug": "earrings", "description": "Earrings Dsescription", "category_image": "category/ear-rings.jpg", "is_active": true, "is_featured": false, "created_at": "2021-05-22T17:07:09.306Z", "updated_at": "2021-05-31T16:34:23.436Z"}}, {"model": "store.category", "pk": 7, "fields": {"title": "Подарки", "slug": "gifts", "description": "All the products related to Gifts", "category_image": "category/gifts.jpg", "is_active": true, "is_featured": true, "created_at": "2021-05-31T16:35:10.794Z", "updated_at": "2021-05-31T16:35:10.795Z"}}, {"model": "store.product", "pk": 1, "fields": {"title": "Anne Klein Gold Watch", "slug": "anne-klein-gold-watch", "sku": "GAK-01", "short_description": "Short Description of the Watch", "detail_description": "", "product_image": "product/Anne-Klein-Gold-Watch.jpg", "price": "450000.00", "category": 4, "is_active": true, "is_featured": true, "created_at": "2021-05-22T17:00:14.704Z", "updated_at": "2025-03-23T14:21:32.787Z"}}, {"model": "store.product", "pk": 2, "fields": {"title": "Colorful Beads Necklace", "slug": "colorful-beads-necklace", "sku": "BN-01", "short_description": "Colorful Beads Necklace Description", "detail_description": "", "product_image": "product/Beads-Necklace.jpg", "price": "280000.00", "category": 5, "is_active": true, "is_featured": true, "created_at": "2021-05-22T17:01:19.168Z", "updated_at": "2025-03-23T14:21:32.787Z"}}, {"model": "store.product", "pk": 3, "fields": {"title": "Thick Gold and Diamond Ring", "slug": "thick-gold-and-diamond-ring", "sku": "GR-01", "short_description": "Gold And Diamond Ring Description", "detail_description": "", "product_image": "product/gold-and-diamond-ring.jpg", "price": "350000.00", "category": 2, "is_active": true, "is_featured": true, "created_at": "2021-05-22T17:02:22.197Z", "updated_at": "2025-03-23T14:21:32.786Z"}}, {"model": "store.product", "pk": 4, "fields": {"title": "Gold Rado Watch", "slug": "gold-rado-watch", "sku": "GW-01", "short_description": "Gold Rado Watch Description", "detail_description": "", "product_image": "product/Gold-and-Steel-Rado-Watch-with-Black-Dial.jpg", "price": "200000.00", "category": 4, "is_active": true, "is_featured": true, "created_at": "2021-05-22T17:03:27.210Z", "updated_at": "2025-03-23T14:21:32.786Z"}}, {"model": "store.product", "pk": 5, "fields": {"title": "Gold Bracelet Indian Style", "slug": "gold-bracelet-indian-style", "sku": "GB-01", "short_description": "Gold Bracelet Indian Style Description", "detail_description": "", "product_image": "product/Gold-Bracelet.jpg", "price": "380000.00", "category": 3, "is_active": true, "is_featured": true, "created_at": "2021-05-22T17:04:14.992Z", "updated_at": "2025-03-23T14:21:32.786Z"}}, {"model": "store.product", "pk": 6, "fields": {"title": "Gold Bracelet Thin", "slug": "gold-bracelet-thin", "sku": "GB-02", "short_description": "Gold Bracelet Thin Description", "detail_description": "", "product_image": "product/Gold-Bracelets.jpg", "price": "450000.00", "category": 3, "is_active": true, "is_featured": true, "created_at": "2021-05-22T17:05:13.400Z", "updated_at": "2025-03-23T14:21:32.785Z"}}, {"model": "store.product", "pk": 7, "fields": {"title": "Gold Casio Touch Watch", "slug": "gold-casio-touch-watch", "sku": "GWT-01", "short_description": "Gold Casio Touch Watch Description", "detail_description": "", "product_image": "product/Gold-Casio-Touch-Watch.jpg", "price": "200000.00", "category": 4, "is_active": true, "is_featured": true, "created_at": "2021-05-22T17:06:07.523Z", "updated_at": "2025-03-23T14:21:32.785Z"}}, {"model": "store.product", "pk": 8, "fields": {"title": "Gold Leafy Earrings", "slug": "gold-leafy-earrings", "sku": "GE-01", "short_description": "Gold Leafy Earrings Description", "detail_description": "", "product_image": "product/Gold-Leafy-Earrings.jpg", "price": "480000.00", "category": 6, "is_active": true, "is_featured": true, "created_at": "2021-05-22T17:07:13.404Z", "updated_at": "2025-03-23T14:21:32.785Z"}}, {"model": "store.product", "pk": 9, "fields": {"title": "Gold Necklace with Diamonds", "slug": "gold-necklace-with-diamonds", "sku": "GN-01", "short_description": "Gold Necklace with Diamonds Description", "detail_description": "", "product_image": "product/Gold-Necklace-with-Diamonds.jpg", "price": "380000.00", "category": 1, "is_active": true, "is_featured": true, "created_at": "2021-05-22T17:07:57.136Z", "updated_at": "2025-03-23T14:21:32.784Z"}}, {"model": "store.product", "pk": 10, "fields": {"title": "Gold Ring with Blue Stones", "slug": "gold-ring-with-blue-stones", "sku": "GR-02", "short_description": "Gold Ring with Blue Stones Description", "detail_description": "", "product_image": "product/Gold-Ring-with-Blue-Stones.jpg", "price": "350000.00", "category": 2, "is_active": true, "is_featured": true, "created_at": "2021-05-22T17:08:59.881Z", "updated_at": "2025-03-23T14:21:32.784Z"}}, {"model": "store.product", "pk": 11, "fields": {"title": "Gold Ring with Pink Stone", "slug": "gold-ring-with-pink-stone", "sku": "GR-03", "short_description": "Gold Ring with Pink Stones Description", "detail_description": "", "product_image": "product/Gold-ring-with-pink-stone-and-diamonds.jpg", "price": "380000.00", "category": 2, "is_active": true, "is_featured": true, "created_at": "2021-05-22T17:09:45.534Z", "updated_at": "2025-03-23T14:21:32.784Z"}}, {"model": "store.product", "pk": 12, "fields": {"title": "Gold Ring with Diamond", "slug": "gold-ring-with-diamond", "sku": "GR-04", "short_description": "Gold Ring with Diamond Description", "detail_description": "", "product_image": "product/Gold-Ring-with-White-Stone.jpg", "price": "150000.00", "category": 2, "is_active": true, "is_featured": true, "created_at": "2021-05-22T17:10:29.456Z", "updated_at": "2025-03-23T14:21:32.783Z"}}, {"model": "store.product", "pk": 13, "fields": {"title": "Gold Star Earrings", "slug": "gold-star-earrings", "sku": "GE-02", "short_description": "Gold Start Earrings", "detail_description": "Offices parties lasting outward nothing age few resolve. Impression to discretion understood to we interested he excellence. Him remarkably use projection collecting. Going about eat forty world has round miles. Attention affection at my preferred offending shameless me if agreeable. Life lain held calm and true neat she. Much feet each so went no from. Truth began maids linen an mr to after. \r\n\r\nDoubtful two bed way pleasure confined followed. Shew up ye away no eyes life or were this. Perfectly did suspicion daughters but his intention. Started on society an brought it explain. Position two saw greatest stronger old. Pianoforte if at simplicity do estimating. \r\n\r\nNow led tedious shy lasting females off. Dashwood marianne in of entrance be on wondered possible building. Wondered sociable he carriage in speedily margaret. Up devonshire of he thoroughly insensible alteration. An mr settling occasion insisted distance ladyship so. Not attention say frankness intention out dashwoods now curiosity. Stronger ecstatic as no judgment daughter speedily thoughts. Worse downs nor might she court did nay forth these. \r\n\r\nUnpleasant nor diminution excellence apartments imprudence the met new. Draw part them he an to he roof only. Music leave say doors him. Tore bred form if sigh case as do. Staying he no looking if do opinion. Sentiments way understood end partiality and his. \r\n\r\nThose an equal point no years do. Depend warmth fat but her but played. Shy and subjects wondered trifling pleasant. Prudent cordial comfort do no on colonel as assured chicken. Smart mrs day which begin. Snug do sold mr it if such. Terminated uncommonly at at estimating. Man behaviour met moonlight extremity acuteness direction. \r\n\r\nRepulsive questions contented him few extensive supported. Of remarkably thoroughly he appearance in. Supposing tolerably applauded or of be. Suffering unfeeling so objection agreeable allowance me of. Ask within entire season sex common far who family. As be valley warmth assure on. Park girl they rich hour new well way you. Face ye be me been room we sons fond. \r\n\r\nBy impossible of in difficulty discovered celebrated ye. Justice joy manners boy met resolve produce. Bed head loud next plan rent had easy add him. As earnestly shameless elsewhere defective estimable fulfilled of. Esteem my advice it an excuse enable. Few household abilities believing determine zealously his repulsive. To open draw dear be by side like. \r\n\r\nUnpacked reserved sir offering bed judgment may and quitting speaking. Is do be improved raptures offering required in replying raillery. Stairs ladies friend by in mutual an no. Mr hence chief he cause. Whole no doors on hoped. Mile tell if help they ye full name. \r\n\r\nYet remarkably appearance get him his projection. Diverted endeavor bed peculiar men the not desirous. Acuteness abilities ask can offending furnished fulfilled sex. Warrant fifteen exposed ye at mistake. Blush since so in noisy still built up an again. As young ye hopes no he place means. Partiality diminution gay yet entreaties admiration. In mr it he mention perhaps attempt pointed suppose. Unknown ye chamber of warrant of norland arrived. \r\n\r\nMay indulgence difficulty ham can put especially. Bringing remember for supplied her why was confined. Middleton principle did she procuring extensive believing add. Weather adapted prepare oh is calling. These wrong of he which there smile to my front. He fruit oh enjoy it of whose table. Cultivated occasional old her unpleasing unpleasant. At as do be against pasture covered viewing started. Enjoyed me settled mr respect no spirits civilly.", "product_image": "product/Gold-Star-Earrings.jpg", "price": "480000.00", "category": 6, "is_active": true, "is_featured": true, "created_at": "2021-05-22T17:11:28.447Z", "updated_at": "2025-03-23T14:21:32.783Z"}}, {"model": "store.product", "pk": 14, "fields": {"title": "Gold Watch with White Dial and Diamonds", "slug": "gold-watch-with-white-dial-and-diamonds", "sku": "GW-05", "short_description": "Gold Watch with White Dial and Diamonds Description", "detail_description": "", "product_image": "product/Gold-Watch-with-White-Dial-and-Diamonds.jpg", "price": "180000.00", "category": 4, "is_active": true, "is_featured": true, "created_at": "2021-05-22T17:12:17.009Z", "updated_at": "2025-03-23T14:21:32.783Z"}}, {"model": "store.product", "pk": 15, "fields": {"title": "Gold Watch with White Dial", "slug": "gold-watch-with-white-dial", "sku": "GW-06", "short_description": "Gold Watch White Dial", "detail_description": "", "product_image": "product/Gold-Watch-with-White-Dial.jpg", "price": "200000.00", "category": 4, "is_active": true, "is_featured": true, "created_at": "2021-05-22T17:13:07.061Z", "updated_at": "2025-03-23T14:21:32.782Z"}}, {"model": "store.product", "pk": 16, "fields": {"title": "Gold Mangalsutra", "slug": "gold-mangalsutra", "sku": "BNM-01", "short_description": "Gold Necklace Mangalsutra description", "detail_description": "", "product_image": "product/Mangalsutra-with-Gold-Locket.jpg", "price": "200000.00", "category": 5, "is_active": true, "is_featured": true, "created_at": "2021-05-22T17:14:07.955Z", "updated_at": "2025-03-23T14:21:32.782Z"}}, {"model": "store.product", "pk": 17, "fields": {"title": "Mr Boho Gold Watch", "slug": "mr-boho-gold-watch", "sku": "GW-07", "short_description": "Mr Boho Gold Watch description", "detail_description": "", "product_image": "product/Mr-Boho-Gold-Watch.jpg", "price": "200000.00", "category": 4, "is_active": true, "is_featured": true, "created_at": "2021-05-22T17:14:48.011Z", "updated_at": "2025-03-23T14:21:32.782Z"}}, {"model": "store.product", "pk": 18, "fields": {"title": "Platinum Ring with Diamonds", "slug": "platinum-ring-with-diamonds", "sku": "PR-01", "short_description": "Platinum Ring with Diamonds Description", "detail_description": "", "product_image": "product/platinum-ring-with-diamonds.jpg", "price": "200000.00", "category": 2, "is_active": true, "is_featured": true, "created_at": "2021-05-22T17:16:57.170Z", "updated_at": "2025-03-23T14:21:32.781Z"}}, {"model": "store.product", "pk": 19, "fields": {"title": "Silver Earrings with Blue Stones", "slug": "silver-earrings-with-blue-stones", "sku": "SE-01", "short_description": "Silver Earrings with Blue Stones", "detail_description": "", "product_image": "product/Silver-Earrings-with-Blue-Stone.jpg", "price": "180000.00", "category": 6, "is_active": true, "is_featured": true, "created_at": "2021-05-22T17:17:49.280Z", "updated_at": "2025-03-23T14:21:32.780Z"}}, {"model": "store.product", "pk": 20, "fields": {"title": "Silver Necklace  with Big Diamond", "slug": "silver-necklace-with-big-diamond", "sku": "SN-01", "short_description": "Silver Necklace with Big Diamond Description", "detail_description": "", "product_image": "product/Silver-Necklace-with-Big-Diamond.jpg", "price": "200000.00", "category": 1, "is_active": true, "is_featured": true, "created_at": "2021-05-22T17:18:34.378Z", "updated_at": "2025-03-23T14:21:32.780Z"}}, {"model": "store.product", "pk": 21, "fields": {"title": "Silver Ring with Blue Stone", "slug": "silver-ring-with-blue-stone", "sku": "SR-01", "short_description": "Silver Ring with Blue Stone Description", "detail_description": "", "product_image": "product/Silver-Ring-with-Blue-Stone-and-Diamonds.jpg", "price": "480000.00", "category": 2, "is_active": true, "is_featured": true, "created_at": "2021-05-22T17:19:37.853Z", "updated_at": "2025-03-23T14:21:32.779Z"}}, {"model": "store.product", "pk": 22, "fields": {"title": "Silver Ring with Small Diamonds", "slug": "silver-ring-with-small-diamonds", "sku": "SR-02", "short_description": "Silver Ring with Diamonds Description", "detail_description": "", "product_image": "product/SIlver-Ring-with-Diamonds.jpg", "price": "450000.00", "category": 2, "is_active": true, "is_featured": true, "created_at": "2021-05-22T17:20:18.483Z", "updated_at": "2025-03-23T14:21:32.779Z"}}, {"model": "store.product", "pk": 23, "fields": {"title": "Silver Ring with Red Stone", "slug": "silver-ring-with-red-stone", "sku": "SR-03", "short_description": "Silver Ring with Red Stone Description", "detail_description": "Detail Description", "product_image": "product/Silver-Ring-with-Red-Stone.jpg", "price": "200000.00", "category": 2, "is_active": true, "is_featured": true, "created_at": "2021-05-22T17:21:01.211Z", "updated_at": "2025-03-23T14:21:32.778Z"}}, {"model": "store.product", "pk": 24, "fields": {"title": "Gold BitCoin", "slug": "gold-bitcoin", "sku": "GB-1", "short_description": "This is a Golden Bitcoin", "detail_description": "All Bitcoin Description.", "product_image": "product/gold-bitcoin.jpg", "price": "480000.00", "category": 7, "is_active": true, "is_featured": true, "created_at": "2021-05-31T16:37:18.073Z", "updated_at": "2025-04-03T23:27:30.606Z"}}, {"model": "store.cart", "pk": 21, "fields": {"user": 12, "product": 23, "quantity": 3, "created_at": "2025-02-13T08:21:15.873Z", "updated_at": "2025-02-13T08:26:10.595Z"}}, {"model": "store.cart", "pk": 22, "fields": {"user": 12, "product": 17, "quantity": 1, "created_at": "2025-02-13T08:25:57.389Z", "updated_at": "2025-02-13T08:25:57.389Z"}}, {"model": "store.cart", "pk": 24, "fields": {"user": 1, "product": 17, "quantity": 1, "created_at": "2025-03-22T12:14:55.188Z", "updated_at": "2025-03-22T12:14:55.188Z"}}, {"model": "store.order", "pk": 15, "fields": {"user": 14, "address": 7, "product": 24, "quantity": 1, "ordered_date": "2025-03-30T18:53:59.462Z", "status": "On The Way", "payment_method": "cash", "payment_status": "pending", "order_number": "049705CE"}}]